{"cameraMode":{"drawMode":0,"name":"Shaded","section":"Shading Mode"},"sceneLighting":true,"audioPlay":false,"sceneViewState":{"showFog":true,"showMaterialUpdate":false,"showSkybox":true,"showFlares":true,"showImageEffects":true,"showParticleSystems":true},"in2DMode":false,"pivot":{"x":-55.12450408935547,"y":-13.71148681640625,"z":-41.445186614990237},"rotation":{"x":-0.3802139461040497,"y":-0.6053630709648132,"z":0.40253281593322756,"w":-0.5717980861663818},"size":136.9773712158203,"orthographic":false}