{"cameraMode":{"drawMode":0,"name":"Shaded","section":"Shading Mode"},"sceneLighting":true,"audioPlay":false,"sceneViewState":{"showFog":true,"showMaterialUpdate":false,"showSkybox":true,"showFlares":true,"showImageEffects":true,"showParticleSystems":true},"in2DMode":false,"pivot":{"x":846.5777587890625,"y":918.1448974609375,"z":-111.72216796875},"rotation":{"x":-0.04521447792649269,"y":-0.05930869281291962,"z":0.002684627892449498,"w":-0.9972190856933594},"size":902.6105346679688,"orthographic":false}