{"cameraMode":{"drawMode":0,"name":"Shaded","section":"Shading Mode"},"sceneLighting":false,"audioPlay":false,"sceneViewState":{"showFog":true,"showMaterialUpdate":false,"showSkybox":false,"showFlares":true,"showImageEffects":true,"showParticleSystems":true},"in2DMode":false,"pivot":{"x":-6.057987213134766,"y":138.30758666992188,"z":149.7726593017578},"rotation":{"x":0.25682294368743899,"y":0.023187728598713876,"z":-0.006163686979562044,"w":0.9661605954170227},"size":0.214539036154747,"orthographic":false}