{"cameraMode":{"drawMode":0,"name":"Shaded","section":"Shading Mode"},"sceneLighting":false,"audioPlay":false,"sceneViewState":{"showFog":true,"showMaterialUpdate":false,"showSkybox":false,"showFlares":true,"showImageEffects":true,"showParticleSystems":true},"in2DMode":false,"pivot":{"x":-1.1378059387207032,"y":2.3186230659484865,"z":-2.3093767166137697},"rotation":{"x":0.14516590535640717,"y":0.04153744876384735,"z":-0.006099817343056202,"w":0.9885162711143494},"size":8.401334762573243,"orthographic":false}